Model,Time,Accuracy,Precision,Recall,F1-Measure
Naive Bayes,0.010931968688964844,0.7777777777777778,0.7441860465116279,0.8205128205128205,0.7804878048780488
Linear Regression,0.016343116760253906,0.6049382716049383,,,
Random Forest,2.0071492195129395,0.6419753086419753,0.625,0.6410256410256411,0.6329113924050633
KNN,0.006355762481689453,0.5061728395061729,0.4878048780487805,0.5128205128205128,0.5
SVM,0.15593600273132324,0.48148148148148145,0.48148148148148145,1.0,0.65
Ada Boost,14.02954912185669,0.7037037037037037,0.6829268292682927,0.717948717948718,0.7000000000000001
MLP,6.60554313659668,0.7777777777777778,0.7441860465116279,0.8205128205128205,0.7804878048780488
