Model,Time,Accuracy,Precision,Recall,F1-Measure
Naive Bayes,0.017261743545532227,0.7530864197530864,0.7111111111111111,0.8205128205128205,0.7619047619047619
Linear Regression,0.12976884841918945,0.7530864197530864,,,
Random Forest,1.9297351837158203,0.7901234567901234,0.7619047619047619,0.8205128205128205,0.7901234567901233
KNN,0.006221771240234375,0.5061728395061729,0.48717948717948717,0.48717948717948717,0.48717948717948717
SVM,0.16817903518676758,0.48148148148148145,0.48148148148148145,1.0,0.65
Ada Boost,7.685918092727661,0.7037037037037037,0.6530612244897959,0.8205128205128205,0.7272727272727272
MLP,4.4477598667144775,0.7777777777777778,0.7441860465116279,0.8205128205128205,0.7804878048780488
