Model,Time,Accuracy,Precision,Recall,F1-Measure
Naive Bayes,0.01899099349975586,0.7530864197530864,0.7111111111111111,0.8205128205128205,0.7619047619047619
Linear Regression,0.1127011775970459,0.7530864197530864,,,
Random Forest,1.729755163192749,0.8148148148148148,0.8,0.8205128205128205,0.810126582278481
KNN,0.006498813629150391,0.5061728395061729,0.48717948717948717,0.48717948717948717,0.48717948717948717
SVM,0.16404199600219727,0.48148148148148145,0.48148148148148145,1.0,0.65
Ada Boost,8.992370128631592,0.7037037037037037,0.6530612244897959,0.8205128205128205,0.7272727272727272
MLP,2.6158671379089355,0.7777777777777778,0.7441860465116279,0.8205128205128205,0.7804878048780488
Decision Tree,0.027460098266601562,0.8024691358024691,0.7674418604651163,0.8461538461538461,0.8048780487804877
